fid,mtype,exprstr,mention,tokens,tags
6327106306a69a3f488d7cab_f_4_1_0,SCAL,d(t),the real - valued function,"['d', '(', 't', ')']","['calculus', 'geometry', 'euclidean-geometry']"
6327106306a69a3f488d7da8_f_1_6_0,FUNC,f,the level function,['f'],"['calculus', 'differential-geometry', 'euclidean-geometry', 'analytic-geometry', 'multivariable-calculus']"
6327106306a69a3f488d7da8_f_1_10_0,FUNC,f,functions,['f'],"['calculus', 'differential-geometry', 'euclidean-geometry', 'analytic-geometry', 'multivariable-calculus']"
6327106306a69a3f488d850b_f_0_0_0,FUNC,f,a function,['f'],"['real-analysis', 'functions', 'euclidean-geometry', 'convex-analysis']"
6327106306a69a3f488d850b_f_0_4_0,FUNC,f,the function,['f'],"['real-analysis', 'functions', 'euclidean-geometry', 'convex-analysis']"
6327106306a69a3f488d850b_f_0_5_0,FUNC,f,the function,['f'],"['real-analysis', 'functions', 'euclidean-geometry', 'convex-analysis']"
6327106306a69a3f488d850b_f_3_0_0,FUNC,"f(x,y)=-(x^2+1)(y^2+1)",The function,"['f', '(', 'x', ',', 'y', ')', '=', '-', '(', 'x', '^', '2', '+', '1', ')', '(', 'y', '^', '2', '+', '1', ')']","['real-analysis', 'functions', 'euclidean-geometry', 'convex-analysis']"
6327106406a69a3f488d8981_f_2_44_0,FUNC,g,the function,['g'],"['geometry', 'big-list', 'euclidean-geometry', 'axioms']"
6327106406a69a3f488d8981_f_2_45_0,SCAL,0,the number   f_2_45_0,0,"['geometry', 'big-list', 'euclidean-geometry', 'axioms']"
6327106406a69a3f488d8981_f_2_47_0,SCAL,180,the number,1,"['geometry', 'big-list', 'euclidean-geometry', 'axioms']"
632f9087837ac920af68489a_f_0_12_0,FUNC,A,that our function,['A'],"['geometry', 'measure-theory', 'euclidean-geometry']"
632f9089837ac920af68520d_f_0_3_0,FUNC,f:L\rightarrow \mathbb R,a smooth function   f_0_3_0,"['f', ':', 'L', '\\rightarrow', '\\mathbb', 'R']","['differential-geometry', 'euclidean-geometry', 'riemannian-geometry', 'surfaces']"
632f971c837ac920af686124_f_1_0_0,SCAL,3,the specific numbers,3,"['contest-math', 'euclidean-geometry', 'circles']"
6327106706a69a3f488dad58_f_1_32_0,SCAL,n^2+1,a constant times,"['n', '^', '2', '+', '1']","['geometry', 'euclidean-geometry', 'conic-sections', 'plane-curves']"
6327106706a69a3f488dad58_f_1_46_0,SCAL,n^2+1,a constant times   f_1_46_0,"['n', '^', '2', '+', '1']","['geometry', 'euclidean-geometry', 'conic-sections', 'plane-curves']"
6327106706a69a3f488dad77_f_2_18_0,SCAL,1,complex absolute value   f_2_18_0,1,"['euclidean-geometry', 'rotations']"
6327106706a69a3f488db123_f_2_37_0,FUNC,h,a function,['h'],"['geometry', 'trigonometry', 'euclidean-geometry']"
632f9722837ac920af688570_f_0_5_0,FUNC,n,which   f_0_4_0   maps,['n'],"['linear-algebra', 'reference-request', 'euclidean-geometry', 'riemannian-geometry', 'exterior-algebra']"
6327106806a69a3f488dbfc1_f_0_0_0,FUNC,"f: [0,1] \rightarrow \mathbb{R}^2",a continuous map,"['f', ':', '[', '0', ',', '1', ']', '\\rightarrow', '\\mathbb{R}', '^', '2']","['general-topology', 'euclidean-geometry']"
6327106806a69a3f488dbfc1_f_0_6_0,FUNC,f,a Jordan map   f_0_6_0,['f'],"['general-topology', 'euclidean-geometry']"
6327106806a69a3f488dbfc1_f_0_23_0,FUNC,f:\mathbb{R}\rightarrow \mathbb{R}^2,an injective   continuous map,"['f', ':', '\\mathbb{R}', '\\rightarrow', '\\mathbb{R}', '^', '2']","['general-topology', 'euclidean-geometry']"
632fc631837ac920af6d6fca_f_1_34_0,SCAL,-(n-1),the values,"['-', '(', 'n', '-', '1', ')']","['geometry', 'discrete-mathematics', 'euclidean-geometry', 'discrete-geometry']"
6327106906a69a3f488dcb17_f_1_0_0,FUNC,f,the function,['f'],"['euclidean-geometry', 'analytic-geometry', 'plane-curves']"
6327106906a69a3f488dcb17_f_2_14_0,FUNC,f,a function,['f'],"['euclidean-geometry', 'analytic-geometry', 'plane-curves']"
6327106906a69a3f488dd022_f_1_11_0,SCAL,4 ,The numbers,4,"['combinatorics', 'group-theory', 'euclidean-geometry', 'finite-groups']"
6327106906a69a3f488dd022_f_1_26_0,SCAL,16 ,The numbers,1,"['combinatorics', 'group-theory', 'euclidean-geometry', 'finite-groups']"
6327106906a69a3f488dd022_f_1_29_0,SCAL,32 ,The numbers,3,"['combinatorics', 'group-theory', 'euclidean-geometry', 'finite-groups']"
6327106a06a69a3f488ddcfe_f_1_0_0,FUNC,f: \mathbb{Z} \to \mathbb{Z},the map,"['f', ':', '\\mathbb{Z}', '\\to', '\\mathbb{Z}']","['linear-algebra', 'abstract-algebra', 'euclidean-geometry', 'analytic-geometry']"
632fc631837ac920af6d75c9_f_1_9_0,SCAL,1.1294,the value   f_1_9_0,"['1', '1']","['geometry', 'euclidean-geometry', 'triangles', 'circles']"
6327106b06a69a3f488de470_f_1_20_0,FUNC,P,", mapping   f_1_20_0",['P'],"['geometry', 'euclidean-geometry', 'triangles', 'circles', 'sangaku']"
632f9726837ac920af68a369_f_1_13_0,FUNC,I,the regularized incomplete beta function,['I'],"['geometry', 'euclidean-geometry']"
632fc632837ac920af6d7723_f_1_13_0,FUNC,M,  f_1_12_0   maps,['M'],"['geometry', 'euclidean-geometry', 'analytic-geometry']"
6327106b06a69a3f488de788_f_0_2_0,FUNC,g,a polynomial function,['g'],"['linear-algebra', 'algebraic-geometry', 'euclidean-geometry', 'quaternions']"
632fcd11837ac920af6d8c0f_f_2_35_0,SET,"\{i,j,k\}","But , the sets","['\\{', 'i', ',', 'j', ',', 'k', '\\}']","['euclidean-geometry', 'triangles', 'plane-geometry', 'polygons']"
63271c3406a69a3f488e2100_f_6_0_0,SET,\mathbb P,the set   f_6_0_0,"['\\mathbb', 'P']","['euclidean-geometry', 'noneuclidean-geometry']"
63271c3606a69a3f488e348c_f_1_0_0,SCAL,3,The numbers,3,"['geometry', 'euclidean-geometry']"
63271c3d06a69a3f488e79f1_f_2_7_0,FUNC,T:V\to V,the linear map,"['T', ':', 'V', '\\to', 'V']","['linear-algebra', 'abstract-algebra', 'euclidean-geometry']"
63271c4006a69a3f488e9af2_f_1_2_0,FUNC,A: X \rightarrow Y,", and a linear map","['A', ':', 'X', '\\rightarrow', 'Y']","['real-analysis', 'continuity', 'euclidean-geometry', 'normed-spaces']"
63271c4006a69a3f488e9af2_f_1_10_0,FUNC,A,the map,['A'],"['real-analysis', 'continuity', 'euclidean-geometry', 'normed-spaces']"
632f9d9a837ac920af6907a2_f_0_0_0,FUNC,g,the map,['g'],"['geometry', 'euclidean-geometry', 'isometry']"
632f9d9c837ac920af691430_f_0_13_0,FUNC,R,some map,['R'],"['linear-algebra', 'geometry', 'euclidean-geometry', 'isometry', 'orthogonal-matrices']"
632f9d9c837ac920af691430_f_1_38_0,FUNC,u,the mapping,['u'],"['linear-algebra', 'geometry', 'euclidean-geometry', 'isometry', 'orthogonal-matrices']"
632f9d9c837ac920af691644_f_1_0_0,FUNC,f,a map,['f'],"['geometry', 'euclidean-geometry', 'projective-geometry']"
632ffdd1837ac920af723b7e_f_1_0_0,FUNC,T,a linear map,['T'],"['general-topology', 'functional-analysis', 'euclidean-geometry']"
632fcd1a837ac920af6dcc28_f_2_3_0,SCAL,0,number,0,"['geometry', 'trigonometry', 'complex-numbers', 'vectors', 'euclidean-geometry']"
6327307106a69a3f488f2940_f_0_10_0,SET,L(r),the set,"['L', '(', 'r', ')']","['geometry', 'euclidean-geometry']"
6327307406a69a3f488f3dfa_f_0_1_0,SET,\mathbb{R}^2,all the finite sets,"['\\mathbb{R}', '^', '2']","['geometry', 'euclidean-geometry']"
632fcd1c837ac920af6dd817_f_1_13_0,SCAL,k+1,the number,"['k', '+', '1']","['geometry', 'euclidean-geometry', 'machine-learning']"
632fcd1e837ac920af6de784_f_2_34_0,FUNC,Y,and   f_2_33_0   map,['Y'],"['general-topology', 'group-theory', 'euclidean-geometry']"
632fcd1e837ac920af6de784_f_2_48_0,FUNC,Z,maps,['Z'],"['general-topology', 'group-theory', 'euclidean-geometry']"
632f9d9f837ac920af692929_f_0_2_0,FUNC,f:P\to L,a bijective map,"['f', ':', 'P', '\\to', 'L']","['geometry', 'contest-math', 'euclidean-geometry', 'projective-geometry']"
632f5f37837ac920af63435f_f_0_2_0,FUNC,F: P \to P,an isometry,"['F', ':', 'P', '\\to', 'P']","['euclidean-geometry', 'isometry']"
632f5f37837ac920af63435f_f_0_7_0,FUNC,F,the function,['F'],"['euclidean-geometry', 'isometry']"
632f5f37837ac920af63435f_f_0_15_0,FUNC,f:\mathbb R\to\mathbb R,a function   f_0_15_0,"['f', ':', '\\mathbb', 'R', '\\to', '\\mathbb', 'R']","['euclidean-geometry', 'isometry']"
632ffdd6837ac920af725eb8_f_1_59_0,FUNC,f,The projection function,['f'],"['geometry', 'euclidean-geometry', 'simplex']"
632f5f3a837ac920af6350a6_f_0_15_0,SCAL,m/n,the same rational numbers,"['m', '/', 'n']","['real-analysis', 'geometry', 'euclidean-geometry', 'math-history', 'real-numbers']"
632f9da0837ac920af693427_f_1_2_0,SCAL,0,a minimal value,0,"['calculus', 'euclidean-geometry', 'triangles', 'volume', 'lagrange-multiplier']"
632f9da0837ac920af693427_f_1_21_0,SCAL,0,a minimal value,0,"['calculus', 'euclidean-geometry', 'triangles', 'volume', 'lagrange-multiplier']"
632f5f3a837ac920af6350d2_f_0_15_0,SCAL,m/n,the same rational numbers,"['m', '/', 'n']","['real-analysis', 'geometry', 'euclidean-geometry', 'math-history', 'real-numbers']"
632f5f3a837ac920af635367_f_0_3_0,SET,\mathbb{N},the set,\mathbb{N},"['combinatorics', 'geometry', 'hilbert-spaces', 'euclidean-geometry', 'combinatorial-geometry']"
632f9da1837ac920af693732_f_2_2_0,FUNC,K,an affine invertible map,['K'],"['geometry', 'euclidean-geometry', 'polyhedra', 'polytopes']"
632f5f3b837ac920af635637_f_3_1_0,FUNC,"g:[c,d]\rightarrow\mathbb{R}",a function   f_3_1_0,"['g', ':', '[', 'c', ',', 'd', ']', '\\rightarrow', '\\mathbb{R}']","['proof-writing', 'euclidean-geometry']"
632f5f3b837ac920af635681_f_0_7_0,FUNC,S:X\rightarrow X,    Edit     A mapping,"['S', ':', 'X', '\\rightarrow', 'X']","['linear-algebra', 'euclidean-geometry']"
632f9da2837ac920af693bd5_f_2_34_0,FUNC,f,an increasing function,['f'],"['geometry', 'trigonometry', 'euclidean-geometry']"
632f9da2837ac920af693bd5_f_2_41_0,FUNC,f,our function   f_2_41_0,['f'],"['geometry', 'trigonometry', 'euclidean-geometry']"
632f9da2837ac920af693cce_f_3_3_0,FUNC,x,this function,['x'],"['geometry', 'euclidean-geometry', 'maxima-minima', 'geometric-inequalities']"
632fcd21837ac920af6dfa21_f_1_8_0,SET,\mathbb R^n,any bounded subset,"['\\mathbb', 'R', '^', 'n']","['linear-algebra', 'multivariable-calculus', 'euclidean-geometry', 'definition', 'intuition']"
632f5f3d837ac920af6360d1_f_0_7_0,FUNC,y,the function,['y'],"['calculus', 'geometry', 'limits', 'derivatives', 'euclidean-geometry']"
632f9da2837ac920af693cce_f_3_9_0,SCAL,f(3),the minimal value,"['f', '(', '3', ')']","['geometry', 'euclidean-geometry', 'maxima-minima', 'geometric-inequalities']"
632f5f3f837ac920af636b9f_f_1_29_0,SET,\mathbb{N}^C,an uncountable set,"['\\mathbb{N}', '^', 'C']","['combinatorics', 'euclidean-geometry']"
632f5f3f837ac920af636d79_f_0_5_0,FUNC,f,the function,['f'],"['euclidean-geometry', 'linear-transformations']"
632f5f3f837ac920af636d79_f_0_7_0,FUNC,f,the function,['f'],"['euclidean-geometry', 'linear-transformations']"
632f5f3f837ac920af636d79_f_1_2_0,FUNC,f,a function,['f'],"['euclidean-geometry', 'linear-transformations']"
632ffdd9837ac920af727109_f_1_37_0,SCAL,s^3,the numbers,"['s', '^', '3']","['trigonometry', 'prime-numbers', 'euclidean-geometry', 'math-software', 'ratio']"
632f5f3f837ac920af636d79_f_3_4_0,SCAL,a+ ib,the complex number,"['a', '+', 'i', 'b']","['euclidean-geometry', 'linear-transformations']"
632f5f3f837ac920af636d79_f_3_6_0,FUNC,f,the function,['f'],"['euclidean-geometry', 'linear-transformations']"
632ffdd9837ac920af727109_f_1_231_0,SCAL,11^{5/2},each the absolute value   f_1_231_0,"['1', '^', '{', '5', '/', '2', '}']","['trigonometry', 'prime-numbers', 'euclidean-geometry', 'math-software', 'ratio']"
632f5f42837ac920af637bbb_f_0_0_0,FUNC,d: X\times X \to \mathbb{R},a function,"['d', ':', 'X', '\\times', 'X', '\\to', '\\mathbb{R}']","['general-topology', 'metric-spaces', 'euclidean-geometry']"
632f5f42837ac920af637bbb_f_3_26_0,FUNC,d: X\times Y\to \mathbb R,a function   f_3_26_0,"['d', ':', 'X', '\\times', 'Y', '\\to', '\\mathbb', 'R']","['general-topology', 'metric-spaces', 'euclidean-geometry']"
632f5f43837ac920af638013_f_1_0_0,SCAL,4 ,numbers,4,"['geometry', 'euclidean-geometry', 'quadrilateral']"
632f5f45837ac920af638b54_f_0_4_0,FUNC,f:X \rightarrow X,a mapping,"['f', ':', 'X', '\\rightarrow', 'X']","['geometry', 'functions', 'euclidean-geometry', 'transformation']"
632f5f45837ac920af638b54_f_0_7_0,FUNC,f:X \rightarrow X,a mapping,"['f', ':', 'X', '\\rightarrow', 'X']","['geometry', 'functions', 'euclidean-geometry', 'transformation']"
632f5f46837ac920af638f82_f_1_17_0,FUNC,A,this map,['A'],"['group-theory', 'analysis', 'geometry', 'euclidean-geometry']"
632f5f46837ac920af639232_f_0_12_0,SCAL,2,The number,2,"['euclidean-geometry', 'standard-deviation']"
632f9da8837ac920af6968ef_f_1_8_0,FUNC,p,the Minkowski functional,['p'],"['geometry', 'convex-analysis', 'euclidean-geometry', 'convex-geometry']"
632f9da8837ac920af6968ef_f_1_28_0,FUNC,l,the continuous function,['l'],"['geometry', 'convex-analysis', 'euclidean-geometry', 'convex-geometry']"
632fd3c6837ac920af6e4eb2_f_1_4_0,FUNC,f \circ p,The function   f_1_4_0,"['f', '\\circ', 'p']","['real-analysis', 'proof-explanation', 'euclidean-geometry']"
632f5f47837ac920af639739_f_1_34_0,SCAL,1,its value,1,"['geometry', 'euclidean-geometry']"
632f5f47837ac920af639739_f_1_38_0,SCAL,1,its   value,1,"['geometry', 'euclidean-geometry']"
632fd3c6837ac920af6e50fd_f_0_4_0,FUNC,F,a map,['F'],"['functions', 'euclidean-geometry']"
632ffddf837ac920af7299a5_f_2_4_0,FUNC,t,smooth functions,['t'],"['ordinary-differential-equations', 'differential-geometry', 'euclidean-geometry', 'circles', 'polygons']"
632ffde1837ac920af72a184_f_0_16_0,FUNC,g \colon A \to \mathbb{R},a continuous function,"['g', '\\colon', 'A', '\\to', '\\mathbb{R}']","['real-analysis', 'geometry', 'euclidean-geometry', 'geometric-measure-theory']"
632ffde4837ac920af72b86a_f_1_2_0,FUNC,f,"-axis , then the function   f_1_2_0",['f'],"['euclidean-geometry', 'analytic-geometry']"
632f65fa837ac920af63f84a_f_1_0_0,SET,A^B,the set,"['A', '^', 'B']","['vector-spaces', 'euclidean-geometry', 'normed-spaces']"
632f65fa837ac920af63f84a_f_2_0_0,SET,\mathbb R^\mathbb N,the set,"['\\mathbb', 'R', '^', '\\mathbb', 'N']","['vector-spaces', 'euclidean-geometry', 'normed-spaces']"
632f65fa837ac920af63f84a_f_3_4_0,FUNC,f\colon \mathbb N \to \mathbb R,functions,"['f', '\\colon', '\\mathbb', 'N', '\\to', '\\mathbb', 'R']","['vector-spaces', 'euclidean-geometry', 'normed-spaces']"
632f65fa837ac920af63f84a_f_3_5_0,FUNC,f\colon \mathbb N \to \mathbb R,same,"['f', '\\colon', '\\mathbb', 'N', '\\to', '\\mathbb', 'R']","['vector-spaces', 'euclidean-geometry', 'normed-spaces']"
632f65fb837ac920af640031_f_0_24_0,FUNC,F,f_0_23_0   mapping,['F'],"['contest-math', 'euclidean-geometry']"
632ffde5837ac920af72c00e_f_1_5_0,SCAL,0,the minimizing value,0,"['geometry', 'euclidean-geometry', 'quadrilateral']"
632f6601837ac920af641d90_f_2_22_0,FUNC,i,a rigid motion,['i'],"['geometry', 'euclidean-geometry', 'projective-geometry']"
632f6601837ac920af64223d_f_0_2_0,FUNC,f:S\to \mathbb{R}^4,a map   f_0_2_0,"['f', ':', 'S', '\\to', '\\mathbb{R}', '^', '4']","['optimization', 'euclidean-geometry']"
632fd3da837ac920af6ecf87_f_0_9_0,SCAL,\frac{4}{45},the value,"['\\frac', '{', '4', '}', '{', '4', '}']","['combinatorics', 'geometry', 'euclidean-geometry', 'combinatorial-geometry', 'extremal-combinatorics']"
632f660b837ac920af645973_f_3_0_0,SCAL,2 ,the number,2,"['geometry', 'euclidean-geometry', 'philosophy']"
632fdaea837ac920af6ee5c8_f_2_2_0,FUNC,B,This map,['B'],"['geometry', 'euclidean-geometry', 'triangles', 'locus', 'geometric-transformation']"
632fdaeb837ac920af6eeb6f_f_2_13_0,SCAL,168,the number   f_2_13_0,1,"['geometry', 'euclidean-geometry', 'analytic-geometry', 'triangles', 'slope']"
632f660e837ac920af646fd9_f_3_0_0,SCAL,f(r),    The only nonconstant functions,"['f', '(', 'r', ')']","['integration', 'euclidean-geometry', 'average', 'centroid']"
632f660e837ac920af646fd9_f_5_10_0,FUNC,r,only a function,['r'],"['integration', 'euclidean-geometry', 'average', 'centroid']"
633004bc837ac920af730cf3_f_0_3_0,SET,"\{w, x, y, z\}",a   f_0_2_0 -element set   f_0_3_0,"['\\{', 'w', ',', 'x', ',', 'y', ',', 'z', '\\}']","['real-analysis', 'geometry', 'metric-spaces', 'euclidean-geometry', 'isometry']"
633004bc837ac920af730cf3_f_0_9_0,FUNC,f,function,['f'],"['real-analysis', 'geometry', 'metric-spaces', 'euclidean-geometry', 'isometry']"
632f6cfa837ac920af648589_f_1_6_0,SCAL,1,the value,1,"['finite-groups', 'permutations', 'euclidean-geometry', 'symmetry']"
632f6cfe837ac920af6499bf_f_0_7_0,FUNC,S,a bijection,['S'],"['geometry', 'euclidean-geometry', 'plane-geometry']"
632f6cff837ac920af64a04f_f_2_0_0,FUNC,d:S \times S \rightarrow \mathbb R,a function,"['d', ':', 'S', '\\times', 'S', '\\rightarrow', '\\mathbb', 'R']",['euclidean-geometry']
632f6d00837ac920af64a758_f_0_0_0,FUNC,f:\mathbb{R}^2 \rightarrow  \mathbb{R},a scalar function,"['f', ':', '\\mathbb{R}', '^', '2', '\\rightarrow', '\\mathbb{R}']","['euclidean-geometry', 'analytic-geometry']"
632f6d02837ac920af64b3d6_f_0_4_0,FUNC,p,a rotation mapping,['p'],"['euclidean-geometry', '3d', 'rotations']"
632faaf7837ac920af6a4180_f_0_3_0,FUNC,r,a function,['r'],"['geometry', 'differential-geometry', 'convex-analysis', 'euclidean-geometry', 'spherical-coordinates']"
632f6d04837ac920af64bcbb_f_1_3_0,FUNC,d,a   distance   function   f_1_3_0,['d'],"['geometry', 'euclidean-geometry', 'pi', 'noneuclidean-geometry']"
633004c0837ac920af73281b_f_0_11_0,SCAL,1 ,the eigenvalues,1,"['linear-algebra', 'geometry', 'euclidean-geometry', 'discrete-geometry']"
632fdaf2837ac920af6f1ceb_f_1_0_0,SCAL,(n-1),the maximum number,"['(', 'n', '-', '1', ')']","['geometry', 'euclidean-geometry', 'tiling', 'music-theory']"
632f6d07837ac920af64cec6_f_0_5_0,FUNC,S:Y\to X,a mapping   f_0_5_0,"['S', ':', 'Y', '\\to', 'X']","['general-topology', 'euclidean-geometry']"
632fdaf3837ac920af6f2126_f_0_0_0,FUNC,f:\mathbb{R}^2\to \mathbb{R}^2,a mapping   f_0_0_0,"['f', ':', '\\mathbb{R}', '^', '2', '\\to', '\\mathbb{R}', '^', '2']","['real-analysis', 'functions', 'euclidean-geometry', 'plane-geometry', 'contraction-operator']"
632fdaf3837ac920af6f2126_f_0_4_0,FUNC,f,The function,['f'],"['real-analysis', 'functions', 'euclidean-geometry', 'plane-geometry', 'contraction-operator']"
632fdaf3837ac920af6f2126_f_1_5_0,FUNC,T,the function,['T'],"['real-analysis', 'functions', 'euclidean-geometry', 'plane-geometry', 'contraction-operator']"
632fdaf3837ac920af6f213a_f_0_0_0,FUNC,F,the implicit function,['F'],"['calculus', 'euclidean-geometry']"
632f6d09837ac920af64d7a9_f_1_0_0,FUNC,f(x)=-x,the two functions,"['f', '(', 'x', ')', '=', '-', 'x']","['geometry', 'inequality', 'euclidean-geometry', 'graphing-functions', 'wolfram-alpha']"
633004c1837ac920af7331e1_f_1_54_0,FUNC,C,a cyclicity map   f_1_54_0,['C'],"['combinatorics', 'geometry', 'euclidean-geometry', 'combinatorial-proofs', 'combinatorial-geometry']"
633004c1837ac920af7331e1_f_1_69_0,SET,"\{a,b,c,d\}",the set,"['\\{', 'a', ',', 'b', ',', 'c', ',', 'd', '\\}']","['combinatorics', 'geometry', 'euclidean-geometry', 'combinatorial-proofs', 'combinatorial-geometry']"
633004c1837ac920af7331e1_f_1_87_0,SET,"\{a,b,c,d,e\}",the set   f_1_87_0,"['\\{', 'a', ',', 'b', ',', 'c', ',', 'd', ',', 'e', '\\}']","['combinatorics', 'geometry', 'euclidean-geometry', 'combinatorial-proofs', 'combinatorial-geometry']"
633004c1837ac920af7331e1_f_1_89_0,SCAL,5,a prime number,5,"['combinatorics', 'geometry', 'euclidean-geometry', 'combinatorial-proofs', 'combinatorial-geometry']"
632fdaf5837ac920af6f30a6_f_2_4_0,SCAL,14,the desired number,1,"['geometry', 'euclidean-geometry', 'combinatorial-geometry']"
632fdaf7837ac920af6f43ea_f_1_33_0,FUNC,f,an   f_1_32_0 -invariant function,['f'],"['group-theory', 'euclidean-geometry', 'lie-groups', 'invariant-theory']"
633004c4837ac920af734471_f_1_37_0,FUNC,h,a function,['h'],"['euclidean-geometry', 'affine-geometry']"
632fdafa837ac920af6f51f3_f_1_2_0,FUNC,f,that any distance preserving map,['f'],"['differential-geometry', 'euclidean-geometry', 'isometry']"
632fdafa837ac920af6f51f3_f_1_15_0,FUNC,A,a unique orthgonal linear map   f_1_15_0,['A'],"['differential-geometry', 'euclidean-geometry', 'isometry']"
632f74d9837ac920af653124_f_1_0_0,FUNC,f:\mathbb R^n\to\mathbb R,Any function,"['f', ':', '\\mathbb', 'R', '^', 'n', '\\to', '\\mathbb', 'R']","['real-analysis', 'functional-analysis', 'functions', 'euclidean-geometry', 'graphing-functions']"
632f74d9837ac920af653124_f_1_5_0,FUNC,f:\mathbb R\to\mathbb R,The function,"['f', ':', '\\mathbb', 'R', '\\to', '\\mathbb', 'R']","['real-analysis', 'functional-analysis', 'functions', 'euclidean-geometry', 'graphing-functions']"
632f74d9837ac920af653124_f_1_6_0,FUNC,F:\mathbb R\to\mathbb R^2,a function,"['F', ':', '\\mathbb', 'R', '\\to', '\\mathbb', 'R', '^', '2']","['real-analysis', 'functional-analysis', 'functions', 'euclidean-geometry', 'graphing-functions']"
632f74d9837ac920af653124_f_1_8_0,FUNC,F,The function,['F'],"['real-analysis', 'functional-analysis', 'functions', 'euclidean-geometry', 'graphing-functions']"
632fdafb837ac920af6f596f_f_0_16_0,SCAL,\frac{1}{7},the area ratio,"['\\frac', '{', '1', '}', '{', '7', '}']","['geometry', 'euclidean-geometry', 'triangles', 'area', 'ratio']"
632f74dc837ac920af65450c_f_0_0_0,FUNC,f(x)=-x^2+1,the functions,"['f', '(', 'x', ')', '=', '-', 'x', '^', '2', '+', '1']","['geometry', 'algebraic-geometry', 'euclidean-geometry']"
632fdafb837ac920af6f5b41_f_2_7_0,SCAL,9,a maximal value,9,"['optimization', 'euclidean-geometry', 'triangles', 'circles', 'plane-geometry']"
633004c7837ac920af735459_f_0_6_0,FUNC,f,a bijection   f_0_6_0,['f'],"['geometry', 'metric-spaces', 'euclidean-geometry']"
632f74de837ac920af65533e_f_0_3_0,FUNC,f:X \rightarrow Y,a function   f_0_3_0,"['f', ':', 'X', '\\rightarrow', 'Y']","['geometry', 'functions', 'metric-spaces', 'euclidean-geometry', 'isometry']"
632f74de837ac920af65533e_f_0_7_0,FUNC,f(x) = x + a,function,"['f', '(', 'x', ')', '=', 'x', '+', 'a']","['geometry', 'functions', 'metric-spaces', 'euclidean-geometry', 'isometry']"
632fdafb837ac920af6f5f00_f_1_33_0,SCAL,1,absolute value,1,"['geometry', 'euclidean-geometry', 'isometry']"
632f74e0837ac920af655fed_f_0_0_0,SCAL,618 ,the golden number,6,"['geometry', 'trigonometry', 'euclidean-geometry', 'golden-ratio']"
632fdafd837ac920af6f66b3_f_3_81_0,SCAL,1,its maximum value   f_3_81_0,1,"['geometry', 'euclidean-geometry', 'triangles', 'alternative-proof']"
632f74e1837ac920af6566e5_f_0_2_0,FUNC,u,  and a continuous function,['u'],"['calculus', 'geometry', 'differential-geometry', 'euclidean-geometry']"
633004c9837ac920af73677a_f_0_4_0,SCAL,a^2+b^2-c^2,the value,"['a', '^', '2', '+', 'b', '^', '2', '-', 'c', '^', '2']","['euclidean-geometry', 'triangles', 'visualization', 'triangle-inequality']"
633004ca837ac920af73698d_f_0_4_0,FUNC,n,a function,['n'],"['sequences-and-series', 'geometry', 'euclidean-geometry', 'education', 'alternative-proof']"
632f74e4837ac920af657b12_f_1_13_0,SCAL,-\frac{1}{4i},the constant,"['-', '\\frac', '{', '1', '}', '{', '4', 'i', '}']","['geometry', 'complex-numbers', 'euclidean-geometry', 'analytic-geometry', 'area']"
632fab0b837ac920af6ac6b4_f_1_0_0,FUNC,D,the midpoint,['D'],"['euclidean-geometry', 'triangles', 'area']"
632fdb00837ac920af6f7ca8_f_1_0_0,SCAL,1 ,Pink vertex number   f_1_0_0,1,['euclidean-geometry']
632fab0d837ac920af6ad79b_f_0_12_0,FUNC,K,the homothety maps,['K'],"['geometry', 'vectors', 'euclidean-geometry']"
632fb20e837ac920af6ae46a_f_1_33_0,FUNC,p:Z\to X,the map,"['p', ':', 'Z', '\\to', 'X']","['general-topology', 'euclidean-geometry', 'hyperbolic-geometry', 'covering-spaces', 'conformal-geometry']"
632fb20e837ac920af6ae46a_f_2_6_0,FUNC,f,the map   f_2_6_0,['f'],"['general-topology', 'euclidean-geometry', 'hyperbolic-geometry', 'covering-spaces', 'conformal-geometry']"
632fb20e837ac920af6ae744_f_1_0_0,SET,A \cup B,exactly a triangle,"['A', '\\cup', 'B']","['general-topology', 'geometry', 'euclidean-geometry', 'convex-geometry']"
633004cd837ac920af737f72_f_0_17_0,FUNC,"
I: R^n\times R^n\times R^n \rightarrow R
",a multilinear map   f_0_17_0   satisfy,"['I', ':', 'R', '^', 'n', '\\times', 'R', '^', 'n', '\\times', 'R', '^', 'n', '\\rightarrow', 'R']","['linear-algebra', 'geometry', 'euclidean-geometry', 'inner-products', 'tensors']"
632fe1c1837ac920af6fa20f_f_1_0_0,FUNC,x,the function,['x'],"['geometry', 'euclidean-geometry']"
632fb210837ac920af6af0bf_f_0_0_0,FUNC,d,a distance function,['d'],"['euclidean-geometry', 'riemannian-geometry', 'geometric-inequalities']"
633004ce837ac920af7387b6_f_1_14_0,SET,\mathbb{R}^2,circle - center set,"['\\mathbb{R}', '^', '2']","['geometry', 'set-theory', 'euclidean-geometry', 'triangles', 'triangle-centres']"
632f7c41837ac920af65c972_f_1_142_0,SCAL,1,The complex numbers,1,"['geometry', 'field-theory', 'euclidean-geometry', 'polygons']"
632fe1c7837ac920af6fca0d_f_0_4_0,SET,C(n),this set,"['C', '(', 'n', ')']","['euclidean-geometry', 'recreational-mathematics']"
632f7c42837ac920af65d259_f_0_15_0,SCAL,m/n,the same rational numbers,"['m', '/', 'n']","['real-analysis', 'geometry', 'euclidean-geometry', 'math-history', 'real-numbers']"
632fe1c9837ac920af6fd825_f_0_0_0,FUNC,f\colon\mathbb R^2\to\mathbb R^2,a continuous map,"['f', '\\colon', '\\mathbb', 'R', '^', '2', '\\to', '\\mathbb', 'R', '^', '2']",['euclidean-geometry']
632f7c45837ac920af65e6d7_f_0_2_0,FUNC,f:X \to X,a contraction,"['f', ':', 'X', '\\to', 'X']","['continuity', 'euclidean-geometry', 'inverse-function']"
632f7c45837ac920af65e6d7_f_0_6_0,FUNC,F:X \to X,the map   f_0_6_0,"['F', ':', 'X', '\\to', 'X']","['continuity', 'euclidean-geometry', 'inverse-function']"
633004d2837ac920af73a1b9_f_1_12_0,SCAL,0,a constant,0,"['geometry', 'metric-spaces', 'euclidean-geometry', 'arc-length', 'rough-path-theory']"
632fe1d4837ac920af702142_f_2_38_0,FUNC,e,an explicit function,['e'],"['geometry', 'euclidean-geometry']"
633004d3837ac920af73ac76_f_0_3_0,SCAL,\frac{8}{3},numbers.(Answer,"['\\frac', '{', '8', '}', '{', '3', '}']","['geometry', 'euclidean-geometry', 'plane-geometry']"
632f7c48837ac920af65f479_f_0_4_0,FUNC,F,the functions,['F'],"['vector-spaces', 'euclidean-geometry', 'vector-analysis', 'topological-vector-spaces']"
632f7c48837ac920af65f479_f_0_10_0,FUNC,c,a continuous function,['c'],"['vector-spaces', 'euclidean-geometry', 'vector-analysis', 'topological-vector-spaces']"
632f7c48837ac920af65f479_f_1_4_0,FUNC,c,the function   f_1_4_0,['c'],"['vector-spaces', 'euclidean-geometry', 'vector-analysis', 'topological-vector-spaces']"
633004d4837ac920af73b1af_f_2_0_0,FUNC,f,a function,['f'],"['geometry', 'euclidean-geometry']"
632f7c49837ac920af65fee2_f_4_3_0,SCAL,1,The eigenvalues,1,"['linear-algebra', 'matrices', 'geometry', 'euclidean-geometry', 'rotations']"
632f7c49837ac920af65fee2_f_4_16_0,SCAL,-1,the eigenvalues,"['-', '1']","['linear-algebra', 'matrices', 'geometry', 'euclidean-geometry', 'rotations']"
633004d5837ac920af73b6ee_f_0_11_0,SCAL,1 ,  and first Betti number,1,"['euclidean-geometry', 'lie-groups', '3d', 'geometric-topology', 'homogeneous-spaces']"
632f7c4b837ac920af660b09_f_0_0_0,SCAL,7 ,    What do the numbers,7,"['geometry', 'euclidean-geometry']"
632fb21f837ac920af6b5c6b_f_1_20_0,FUNC,f,a linear map,['f'],"['euclidean-geometry', 'affine-geometry', 'isometry']"
632fb21f837ac920af6b5e43_f_1_41_0,FUNC,h,a bijection,['h'],"['general-topology', 'euclidean-geometry']"
632f7c4f837ac920af66221c_f_1_24_0,SCAL,-rx/ry,the value,"['-', 'r', 'x', '/', 'r', 'y']","['geometry', 'euclidean-geometry', 'conic-sections', 'plane-curves', 'plane-geometry']"
632f7c51837ac920af662cb1_f_0_1_0,FUNC,T:\mathbb{R}^3\rightarrow\mathbb{R}^3,      ( i.e. a map   f_0_1_0   s.t,"['T', ':', '\\mathbb{R}', '^', '3', '\\rightarrow', '\\mathbb{R}', '^', '3']","['linear-algebra', 'geometry', 'differential-geometry', 'euclidean-geometry', 'analytic-geometry']"
632f7c51837ac920af662cb1_f_3_0_0,FUNC,T: U\to E^3,an isometric map,"['T', ':', 'U', '\\to', 'E', '^', '3']","['linear-algebra', 'geometry', 'differential-geometry', 'euclidean-geometry', 'analytic-geometry']"
632f7c51837ac920af662cb1_f_3_39_0,FUNC,T: U\to E^3,each isometric map,"['T', ':', 'U', '\\to', 'E', '^', '3']","['linear-algebra', 'geometry', 'differential-geometry', 'euclidean-geometry', 'analytic-geometry']"
632f7c51837ac920af662fab_f_1_5_0,FUNC,p:R^n\rightarrow T^n,the covering map,"['p', ':', 'R', '^', 'n', '\\rightarrow', 'T', '^', 'n']",['euclidean-geometry']
632f7c51837ac920af662fab_f_1_6_0,FUNC,L,the orbit,['L'],['euclidean-geometry']
63300bb7837ac920af73da4d_f_2_6_0,SCAL,4,the value   f_2_6_0,4,"['geometry', 'euclidean-geometry', 'plane-geometry']"
632f7c55837ac920af6649e5_f_0_1_0,FUNC,d,  and a distance function   f_0_1_0,['d'],"['discrete-mathematics', 'metric-spaces', 'euclidean-geometry', 'proof-explanation']"
63300bb8837ac920af73e0af_f_1_11_0,FUNC,f,an invertible function,['f'],"['geometry', 'euclidean-geometry', 'fixed-points']"
632fb8d3837ac920af6b9434_f_1_3_0,FUNC,H,the following statement & ldquo ; f_1_3_0   maps,['H'],"['geometry', 'euclidean-geometry', 'fake-proofs', 'polyhedra', 'platonic-solids']"
63300bb8837ac920af73e47a_f_0_15_0,FUNC,f,the function,['f'],"['linear-algebra', 'geometry', 'euclidean-geometry']"
632fe8b7837ac920af707482_f_0_3_0,SCAL,28 ,the optimal value,2,"['integration', 'functional-analysis', 'euclidean-geometry', 'network', 'multigrid']"
632fe8b7837ac920af70783a_f_0_8_0,FUNC,t,f_0_6_0      f_0_7_0   maps   f_0_8_0,['t'],"['geometry', 'euclidean-geometry']"
632fe8b7837ac920af7079e3_f_0_18_0,FUNC,V,a function,['V'],"['general-topology', 'euclidean-geometry', 'simplex', 'simplicial-stuff', 'simplicial-complex']"
63300bb9837ac920af73e753_f_0_13_0,FUNC,f:D\rightarrow\mathbb{R},a continuous function   f_0_13_0,"['f', ':', 'D', '\\rightarrow', '\\mathbb{R}']","['geometry', 'euclidean-geometry', 'triangles']"
63300bb9837ac920af73e753_f_0_34_0,SCAL,1,a non - constantly-,1,"['geometry', 'euclidean-geometry', 'triangles']"
632fe8b9837ac920af7085d7_f_2_2_0,FUNC,f: \mathbb{R}^2 \to \mathbb{R},a function,"['f', ':', '\\mathbb{R}', '^', '2', '\\to', '\\mathbb{R}']","['euclidean-geometry', 'triangles', 'median']"
632fe8ba837ac920af708f55_f_3_2_0,SCAL,b/a,constant,"['b', '/', 'a']","['geometry', 'euclidean-geometry', 'intuition']"
632fb8d8837ac920af6bb2c6_f_1_26_0,SCAL,a-b,a real number,"['a', '-', 'b']","['geometry', 'euclidean-geometry', 'geometric-construction']"
632f833b837ac920af66924f_f_1_0_0,SCAL,18,The numbers,1,"['geometry', 'number-theory', 'euclidean-geometry', 'math-history', 'irrational-numbers']"
632fb8d9837ac920af6bbad6_f_1_6_0,FUNC,C,the transformation maps,['C'],"['geometry', 'euclidean-geometry', 'triangles']"
632f833d837ac920af66a059_f_0_14_0,FUNC,B,linear map,['B'],"['real-analysis', 'linear-algebra', 'analysis', 'derivatives', 'euclidean-geometry']"
632fb8d9837ac920af6bbc6c_f_1_32_0,FUNC,X,a decreasing function,['X'],"['geometry', 'inequality', 'euclidean-geometry', 'geometric-inequalities']"
63300bbc837ac920af73febd_f_3_24_0,SCAL,(u-h)/(v-h),the fraction,"['(', 'u', '-', 'h', ')', '/', '(', 'v', '-', 'h', ')']","['geometry', 'euclidean-geometry', 'projective-geometry', 'polygons']"
632fe8bd837ac920af70a11d_f_0_4_0,FUNC,f,a map,['f'],"['reference-request', 'euclidean-geometry', 'solution-verification', 'coordinate-systems', 'transformation']"
632fe8bf837ac920af70ac65_f_1_0_0,FUNC,f,The function,['f'],"['linear-algebra', 'geometry', 'euclidean-geometry', 'projective-geometry', 'affine-geometry']"
63300bc1837ac920af7413c6_f_0_18_0,FUNC,f: \mathbb{R}^2 \rightarrow \mathbb{R}^2,the function,"['f', ':', '\\mathbb{R}', '^', '2', '\\rightarrow', '\\mathbb{R}', '^', '2']","['euclidean-geometry', 'definition']"
63300bc1837ac920af7413c6_f_1_0_0,FUNC,f : \mathbb R^2 \to \mathbb R^2,a function,"['f', ':', '\\mathbb', 'R', '^', '2', '\\to', '\\mathbb', 'R', '^', '2']","['euclidean-geometry', 'definition']"
63300bc1837ac920af7413c6_f_1_30_0,FUNC,f : \mathbb E \to \mathbb R^2,yet ) then the function,"['f', ':', '\\mathbb', 'E', '\\to', '\\mathbb', 'R', '^', '2']","['euclidean-geometry', 'definition']"
632f834a837ac920af66f3cb_f_0_6_0,SCAL,2 ,that   f_0_5_0 numbers,2,"['euclidean-geometry', 'relations', 'equivalence-relations']"
63300bc3837ac920af741c41_f_0_1_0,SCAL,0 ,the number   f_0_0,0,"['field-theory', 'euclidean-geometry', 'radicals']"
632fb8df837ac920af6be7a8_f_0_6_0,SCAL,1/x,the number   f_0_6_0,"['1', '/', 'x']","['arithmetic', 'euclidean-geometry']"
632fe8c2837ac920af70c183_f_1_8_0,FUNC,E,certain functions,['E'],"['differential-geometry', 'metric-spaces', 'manifolds', 'euclidean-geometry', 'smooth-manifolds']"
632fb8e2837ac920af6bf7bf_f_0_43_0,FUNC,L,a function   f_0_43_0,['L'],"['linear-algebra', 'euclidean-geometry']"
632fb8e3837ac920af6c03fc_f_1_27_0,FUNC,r,a continuous function,['r'],"['general-topology', 'metric-spaces', 'euclidean-geometry']"
632f89fc837ac920af67416e_f_0_0_0,SET,\mathbb R^3,the set,"['\\mathbb', 'R', '^', '3']","['geometry', 'vector-spaces', 'metric-spaces', 'euclidean-geometry', 'real-numbers']"
632f89fc837ac920af67416e_f_0_2_0,FUNC,d:\mathbb R^3 \times \mathbb R^3 \rightarrow \mathbb R,a function,"['d', ':', '\\mathbb', 'R', '^', '3', '\\times', '\\mathbb', 'R', '^', '3', '\\rightarrow', '\\mathbb', 'R']","['geometry', 'vector-spaces', 'metric-spaces', 'euclidean-geometry', 'real-numbers']"
632fe8c5837ac920af70d398_f_1_7_0,FUNC,D,that   f_1_6_0   maps   f_1_7_0,['D'],"['multivariable-calculus', 'differential-geometry', 'euclidean-geometry', 'riemannian-geometry', 'area']"
632fb8e6837ac920af6c14b5_f_0_3_0,FUNC,d:V\times V\to \mathbb{R},a function   f_0_3_0,"['d', ':', 'V', '\\times', 'V', '\\to', '\\mathbb{R}']","['multivariable-calculus', 'functions', 'euclidean-geometry', 'normed-spaces', 'vector-analysis']"
632ff012837ac920af70d894_f_0_1_0,FUNC,f:U \to U,a smooth map,"['f', ':', 'U', '\\to', 'U']","['real-analysis', 'multivariable-calculus', 'euclidean-geometry', 'affine-geometry']"
632f89ff837ac920af6758a3_f_1_2_0,FUNC,f: R\to E^3,a 1- f_1_1_0 continuous map   f_1_2_0,"['f', ':', 'R', '\\to', 'E', '^', '3']","['differential-geometry', 'euclidean-geometry', 'riemannian-geometry', 'hyperbolic-geometry', 'general-relativity']"
632fb8e6837ac920af6c18f5_f_1_0_0,SCAL,0,the maximal number,0,"['geometry', 'euclidean-geometry']"
632fb8e7837ac920af6c1a98_f_0_2_0,FUNC,f : D \to \mathbb{R},a mapping   f_0_2_0,"['f', ':', 'D', '\\to', '\\mathbb{R}']","['convex-analysis', 'euclidean-geometry']"
632ff013837ac920af70d9be_f_0_1_0,FUNC,f:U \to U,a smooth map,"['f', ':', 'U', '\\to', 'U']","['real-analysis', 'multivariable-calculus', 'euclidean-geometry', 'area', 'affine-geometry']"
632f8a00837ac920af675ef8_f_0_0_0,SCAL,30 ,all possible numbers,3,"['geometry', 'euclidean-geometry', 'triangles', 'area']"
632f8a00837ac920af675ffb_f_0_9_0,SCAL,1,an eigenvalue,1,"['geometry', 'euclidean-geometry', 'isometry']"
632f8a03837ac920af6773b7_f_0_0_0,FUNC,y,a linear function,['y'],"['calculus', 'real-analysis', 'geometry', 'euclidean-geometry', 'real-numbers']"
632f8a03837ac920af6773b7_f_1_0_0,FUNC,y(x)=ax+b,a linear function,"['y', '(', 'x', ')', '=', 'a', 'x', '+', 'b']","['calculus', 'real-analysis', 'geometry', 'euclidean-geometry', 'real-numbers']"
632f8a07837ac920af678db3_f_2_5_0,SCAL,\frac{p}{a},the numbers,"['\\frac', '{', 'p', '}', '{', 'a', '}']","['geometry', 'euclidean-geometry', '3d', 'polyhedra']"
63300bcb837ac920af744e5b_f_0_2_0,SCAL,1 ,different values,1,['euclidean-geometry']
632f8a08837ac920af679719_f_0_7_0,FUNC,g,a function,['g'],"['real-analysis', 'geometry', 'functional-analysis', 'analysis', 'euclidean-geometry']"
632f8a0b837ac920af67a6d2_f_2_109_0,FUNC,f,the identity mapping,['f'],"['geometry', 'reference-request', 'euclidean-geometry', 'projective-geometry', 'noneuclidean-geometry']"
632f8a0b837ac920af67a6d2_f_2_113_0,FUNC,f,The mapping   f_2_113_0,['f'],"['geometry', 'reference-request', 'euclidean-geometry', 'projective-geometry', 'noneuclidean-geometry']"
632f8a0b837ac920af67a6d2_f_2_115_0,FUNC,f,the mapping   f_2_115_0,['f'],"['geometry', 'reference-request', 'euclidean-geometry', 'projective-geometry', 'noneuclidean-geometry']"
632f8a0b837ac920af67a6d2_f_2_117_0,FUNC,h,the bijection,['h'],"['geometry', 'reference-request', 'euclidean-geometry', 'projective-geometry', 'noneuclidean-geometry']"
63300bce837ac920af745f81_f_0_2_0,FUNC,f,a bijective function   f_0_2_0,['f'],['euclidean-geometry']
632f8a0c837ac920af67aeed_f_1_22_0,SET,"\{2,3\}",set,"['\\{', '2', ',', '3', '\\}']","['geometry', 'elementary-set-theory', 'euclidean-geometry']"
632f8a0c837ac920af67aeed_f_1_23_0,SET,"\{1,2,3\}",the set   f_1_23_0,"['\\{', '1', ',', '2', ',', '3', '\\}']","['geometry', 'elementary-set-theory', 'euclidean-geometry']"
632f8a0c837ac920af67aeed_f_1_25_0,SET,"\{1,3\}",the sets,"['\\{', '1', ',', '3', '\\}']","['geometry', 'elementary-set-theory', 'euclidean-geometry']"
632f8a0c837ac920af67aeed_f_1_33_0,SET,\{1\},a subset,"['\\{', '1', '\\}']","['geometry', 'elementary-set-theory', 'euclidean-geometry']"
632ff017837ac920af70f2fc_f_0_4_0,SCAL,1,any real number,1,"['geometry', 'proof-explanation', 'euclidean-geometry', 'triangles']"
632fbf51837ac920af6c49ba_f_0_19_0,FUNC,x,f_0_18_0   quadratic function,['x'],"['geometry', 'trigonometry', 'euclidean-geometry', 'alternative-proof', 'transformational-geometry']"
632fbf52837ac920af6c4dd9_f_0_14_0,FUNC,X,maps,['X'],"['real-analysis', 'differential-geometry', 'euclidean-geometry', 'lebesgue-integral', 'geometric-measure-theory']"
63300bd0837ac920af746e20_f_1_1_0,FUNC,Q:\mathbb{R}^3 \to \mathbb{R}^3,an orthogonal map   f_1_1_0,"['Q', ':', '\\mathbb{R}', '^', '3', '\\to', '\\mathbb{R}', '^', '3']","['euclidean-geometry', 'alternative-proof', 'symmetry', 'solid-geometry', 'platonic-solids']"
63300bd1837ac920af746eef_f_0_31_0,SCAL,r^2,constant,"['r', '^', '2']","['geometry', 'euclidean-geometry', 'coordinate-systems', 'locus']"
63300bd1837ac920af7473a8_f_1_0_0,SET,E(n),just the set,"['E', '(', 'n', ')']","['group-theory', 'geometry', 'euclidean-geometry', 'isometry', 'orthogonal-matrices']"
63300bd1837ac920af7473a8_f_1_80_0,FUNC,g,a linear map,['g'],"['group-theory', 'geometry', 'euclidean-geometry', 'isometry', 'orthogonal-matrices']"
63300bd2837ac920af74750d_f_0_9_0,SCAL,1,an eigenvalue,1,"['geometry', 'euclidean-geometry', 'isometry']"
632ff019837ac920af70feee_f_1_3_0,SCAL,n/k,a rational number   f_1_3_0,"['n', '/', 'k']","['geometry', 'euclidean-geometry']"
63300bd3837ac920af747c7c_f_0_9_0,FUNC,T,a bijection,['T'],"['linear-algebra', 'abstract-algebra', 'euclidean-geometry', 'inner-products', 'isometry']"
63300bd3837ac920af747c7c_f_0_27_0,FUNC,T,a bijection,['T'],"['linear-algebra', 'abstract-algebra', 'euclidean-geometry', 'inner-products', 'isometry']"
63300bd5837ac920af74894f_f_0_0_0,FUNC,f: \mathbb{R} \rightarrow \mathbb{R},a function,"['f', ':', '\\mathbb{R}', '\\rightarrow', '\\mathbb{R}']","['functions', 'euclidean-geometry']"
632ff01a837ac920af7106ee_f_2_12_0,SCAL,1/2,every value,"['1', '/', '2']","['euclidean-geometry', 'triangles', 'area']"
63300bd5837ac920af748d11_f_0_3_0,FUNC,f : M\to N,-Lipschitz,"['f', ':', 'M', '\\to', 'N']","['metric-spaces', 'euclidean-geometry']"
63300bd5837ac920af748d11_f_0_7_0,FUNC,f: M\to N,an   f_0_6_0 -Lipschitz function,"['f', ':', 'M', '\\to', 'N']","['metric-spaces', 'euclidean-geometry']"
633012af837ac920af749600_f_0_0_0,SET,N+1,a set,"['N', '1']","['permutations', 'euclidean-geometry', 'conic-sections', 'symmetry']"
633012b0837ac920af74965f_f_0_2_0,SCAL,1 ,  alt=   f_0_1_0 cells   f_0_2_0 place value,1,"['geometry', 'euclidean-geometry', 'number-systems']"
632fbf58837ac920af6c7c1b_f_1_2_0,SCAL,90,the value   f_1_2_0,9,"['linear-algebra', 'geometry', 'euclidean-geometry', 'analytic-geometry']"
632fbf58837ac920af6c7c1b_f_4_6_0,FUNC,s,functions,['s'],"['linear-algebra', 'geometry', 'euclidean-geometry', 'analytic-geometry']"
632fbf58837ac920af6c7c1b_f_4_15_0,FUNC,c,the functions,['c'],"['linear-algebra', 'geometry', 'euclidean-geometry', 'analytic-geometry']"
632ff01c837ac920af711652_f_0_0_0,FUNC,F:\mathbb{R}^2\to\mathbb{R}^2,a function,"['F', ':', '\\mathbb{R}', '^', '2', '\\to', '\\mathbb{R}', '^', '2']","['geometry', 'inequality', 'euclidean-geometry', 'functional-equations', 'functional-inequalities']"
633012bc837ac920af74a1bc_f_0_5_0,SCAL,1\times1,Then not the number,COULD NOT TRANSFORM,"['geometry', 'euclidean-geometry']"
632f907c837ac920af67fc12_f_1_4_0,FUNC,f : \mathbb{R}^3 \to \mathbb{R}^3,the map,"['f', ':', '\\mathbb{R}', '^', '3', '\\to', '\\mathbb{R}', '^', '3']","['linear-algebra', 'euclidean-geometry', 'riemannian-geometry', 'orthogonal-matrices']"
632f907e837ac920af68075f_f_1_12_0,SCAL,\dfrac{239}{169},the rational number,"['\\dfrac', '{', '2', '}', '{', '1', '}']",['euclidean-geometry']
632fbf5b837ac920af6c8fb8_f_0_12_0,FUNC,M,a homogeneous function,['M'],"['geometry', 'inequality', 'euclidean-geometry', 'geometric-inequalities']"
632ff01e837ac920af7120ec_f_0_3_0,SCAL,3,the numbers,3,"['geometry', 'euclidean-geometry', 'ratio', 'arithmetic-progressions', 'solid-geometry']"
632ff01e837ac920af71217a_f_1_1_0,FUNC,h,a smooth mapping,['h'],"['geometry', 'metric-spaces', 'euclidean-geometry', 'transformation']"
632fbf5d837ac920af6c9beb_f_0_0_0,SCAL,2 ,a scalar number,2,"['linear-algebra', 'euclidean-geometry']"
633012c9837ac920af74f8d7_f_0_0_0,FUNC,f,the following function,['f'],"['geometry', 'multivariable-calculus', 'euclidean-geometry']"
633012ca837ac920af750015_f_5_13_0,SCAL,2n+1,the lowest number,"['2', 'n', '+', '1']","['geometry', 'number-theory', 'soft-question', 'euclidean-geometry']"
632fbf5f837ac920af6ca91a_f_3_19_0,FUNC,q,function,['q'],"['geometry', 'optimization', 'euclidean-geometry', 'maxima-minima', 'geometric-inequalities']"
632fbf5f837ac920af6ca91a_f_3_47_0,FUNC,n,functions,['n'],"['geometry', 'optimization', 'euclidean-geometry', 'maxima-minima', 'geometric-inequalities']"
633012cd837ac920af7515aa_f_0_20_0,FUNC,s\colon M\to M,a function,"['s', '\\colon', 'M', '\\to', 'M']","['metric-spaces', 'euclidean-geometry']"
633012cf837ac920af7523ae_f_0_0_0,SCAL,(n-2),the number,"['(', 'n', '-', '2', ')']","['geometry', 'euclidean-geometry', 'computational-geometry', 'dimension-theory-analysis', 'combinatorial-geometry']"
632fbf60837ac920af6cb1c3_f_0_0_0,FUNC,d,a function,['d'],"['general-topology', 'continuity', 'soft-question', 'euclidean-geometry']"
632f9086837ac920af6840a5_f_2_8_0,SCAL,6,the largest number,6,"['euclidean-geometry', 'polygons']"
632f9086837ac920af6840a5_f_2_13_0,SCAL,5,the largest number,5,"['euclidean-geometry', 'polygons']"
632ff021837ac920af713785_f_1_37_0,FUNC,W,  f_1_36_0   maps,['W'],"['geometry', 'euclidean-geometry', 'inversive-geometry']"
63301965837ac920af755479_f_0_5_0,SCAL,1,rational number,1,"['geometry', 'euclidean-geometry', 'triangles', 'rational-numbers']"
63301968837ac920af756608_f_0_6_0,SCAL,17,the first number,1,"['geometry', 'euclidean-geometry', 'irrational-numbers']"
63301968837ac920af75668d_f_0_16_0,FUNC,f,some function   f_0_16_0,['f'],"['linear-algebra', 'euclidean-geometry']"
63301969837ac920af756fb1_f_0_0_0,SCAL,6 ,the number,6,"['graph-theory', 'euclidean-geometry', 'tiling']"
632ff028837ac920af716369_f_0_3_0,FUNC,f,an open function,['f'],"['general-topology', 'functions', 'solution-verification', 'euclidean-geometry']"
632ff028837ac920af716369_f_0_20_0,FUNC,f,an open function,['f'],"['general-topology', 'functions', 'solution-verification', 'euclidean-geometry']"
632ff028837ac920af716605_f_1_74_0,SCAL,(3),the values,"['(', '3', ')']","['euclidean-geometry', 'analytic-geometry']"
6330196f837ac920af759998_f_1_2_0,SCAL,f(x),the number,"['f', '(', 'x', ')']","['euclidean-geometry', 'rectangles']"
632ff02a837ac920af7170af_f_0_2_0,SCAL,\frac{a}{b}+\frac{c}{d}+\frac{m}{n},the value,"['\\frac', '{', 'a', '}', '{', 'b', '}', '+', '\\frac', '{', 'c', '}', '{', 'd', '}', '+', '\\frac', '{', 'm', '}', '{', 'n', '}']","['geometry', 'contest-math', 'euclidean-geometry', 'analytic-geometry']"
63301975837ac920af75c4f5_f_1_8_0,FUNC,T\circ R,the function,"['T', '\\circ', 'R']","['geometry', 'euclidean-geometry']"
632fc622837ac920af6d088b_f_0_0_0,FUNC,f,Borel measurable function,['f'],"['measure-theory', 'elementary-set-theory', 'euclidean-geometry', 'borel-sets']"
632fc622837ac920af6d088b_f_0_13_0,FUNC,f,the function   f_0_13_0,['f'],"['measure-theory', 'elementary-set-theory', 'euclidean-geometry', 'borel-sets']"
632fc622837ac920af6d088b_f_0_30_0,FUNC,f,the function,['f'],"['measure-theory', 'elementary-set-theory', 'euclidean-geometry', 'borel-sets']"
632fc622837ac920af6d0bd0_f_0_0_0,SCAL,m^2 + 2m -1,only a finite number,"['m', '^', '2', '+', '2', 'm', '-', '1']","['contest-math', 'euclidean-geometry']"
63301f95837ac920af75ed18_f_0_4_0,FUNC,f,a linear map,['f'],"['linear-algebra', 'euclidean-geometry', 'normed-spaces', 'inner-products']"
632ff6d3837ac920af718ff8_f_1_2_0,SCAL,-1,the signed value,"['-', '1']","['geometry', 'euclidean-geometry']"
6330264a837ac920af76bd24_f_0_17_0,FUNC,f,the bijection,['f'],"['geometry', 'euclidean-geometry']"
63302652837ac920af76e646_f_1_10_0,FUNC,f:\mathbb R\to\mathbb R,"Then , the function","['f', ':', '\\mathbb', 'R', '\\to', '\\mathbb', 'R']","['real-analysis', 'metric-spaces', 'euclidean-geometry']"
63302652837ac920af76e646_f_1_29_0,FUNC,f,the function,['f'],"['real-analysis', 'metric-spaces', 'euclidean-geometry']"
632fc62d837ac920af6d580c_f_0_7_0,SCAL,12 ,number,1,"['complex-numbers', 'euclidean-geometry']"
63302658837ac920af770402_f_1_2_0,SCAL,f(x),real numbers,"['f', '(', 'x', ')']","['geometry', 'euclidean-geometry', 'projective-geometry', 'projective-space']"
63302e00837ac920af771a3d_f_1_10_0,FUNC,f(x)=a-x,the map,"['f', '(', 'x', ')', '=', 'a', '-', 'x']","['proof-writing', 'euclidean-geometry']"
63302e02837ac920af77253b_f_1_0_0,FUNC,f:R\to R,a function,"['f', ':', 'R', '\\to', 'R']","['proof-writing', 'euclidean-geometry']"
63302e03837ac920af772598_f_0_0_0,FUNC,f:R\to R,a function,"['f', ':', 'R', '\\to', 'R']","['proof-verification', 'euclidean-geometry']"
632ff6dd837ac920af71d3d1_f_2_19_0,FUNC,f,no such function,['f'],"['real-analysis', 'general-topology', 'complex-analysis', 'continuity', 'euclidean-geometry']"
632ff6dd837ac920af71d519_f_1_0_0,SCAL,1,The number,1,"['real-analysis', 'calculus', 'geometry', 'euclidean-geometry', 'analytic-geometry']"
63302e0a837ac920af774d53_f_0_0_0,FUNC,f,a function,['f'],"['geometry', 'functions', 'euclidean-geometry']"
632ff6de837ac920af71d838_f_0_1_0,FUNC,f,  and some differentiable function   f_0_1_0,['f'],"['calculus', 'geometry', 'differential-geometry', 'euclidean-geometry']"
63302e0f837ac920af776a0a_f_0_0_0,SET,\mathbb{R},the set   f_0_0_0,\mathbb{R},"['euclidean-geometry', 'real-numbers']"
632ff6df837ac920af71df8c_f_1_5_0,SCAL,4n+1,the number,"['4', 'n', '+', '1']","['number-theory', 'euclidean-geometry', 'triangles', 'diophantine-equations', 'pythagorean-triples']"
63302e15837ac920af778b81_f_2_0_0,FUNC,f:\mathbb R^n\times I\to \mathbb R^n,a continuous map,"['f', ':', '\\mathbb', 'R', '^', 'n', '\\times', 'I', '\\to', '\\mathbb', 'R', '^', 'n']","['manifolds', 'euclidean-geometry']"
63302e15837ac920af778b81_f_2_3_0,FUNC,f:S^{n}\times I\to S^{n},no similar map,"['f', ':', 'S', '^', '{', 'n', '}', '\\times', 'I', '\\to', 'S', '^', '{', 'n', '}']","['manifolds', 'euclidean-geometry']"
632ff6e0837ac920af71e88d_f_1_0_0,FUNC,f,the map,['f'],"['geometry', 'euclidean-geometry', 'triangles', 'angle']"
632ff6e0837ac920af71e88d_f_1_3_0,FUNC,g,another map   f_1_3_0,['g'],"['geometry', 'euclidean-geometry', 'triangles', 'angle']"
632ff6e0837ac920af71e88d_f_1_7_0,FUNC,g,This map,['g'],"['geometry', 'euclidean-geometry', 'triangles', 'angle']"
632ff6e0837ac920af71ead5_f_1_0_0,SCAL,100,a certain number,1,"['geometry', 'euclidean-geometry']"
633035e7837ac920af77d0af_f_2_13_0,FUNC,f,function,['f'],['euclidean-geometry']
633035e7837ac920af77d0af_f_2_34_0,FUNC,f,the function,['f'],['euclidean-geometry']
633035ec837ac920af77ecd0_f_0_2_0,FUNC,s: E \rightarrow E,the mapping,"['s', ':', 'E', '\\rightarrow', 'E']","['geometry', 'self-learning', 'euclidean-geometry', 'rotations', 'fixed-point-theorems']"
633035ec837ac920af77ecd0_f_0_4_0,FUNC,s,the mapping,['s'],"['geometry', 'self-learning', 'euclidean-geometry', 'rotations', 'fixed-point-theorems']"
633035ec837ac920af77ecd0_f_0_17_0,FUNC,s,the mapping   f_0_17_0,['s'],"['geometry', 'self-learning', 'euclidean-geometry', 'rotations', 'fixed-point-theorems']"
633035ec837ac920af77ecd0_f_0_22_0,FUNC,s,the mapping   f_0_22_0,['s'],"['geometry', 'self-learning', 'euclidean-geometry', 'rotations', 'fixed-point-theorems']"
633035ec837ac920af77eee8_f_0_7_0,FUNC,X,mapping,['X'],"['geometry', 'euclidean-geometry']"
633035ec837ac920af77eee8_f_0_9_0,FUNC,Y,mapping,['Y'],"['geometry', 'euclidean-geometry']"
633035ec837ac920af77eee8_f_1_11_0,FUNC,X,the only isometry mapping   f_1_11_0,['X'],"['geometry', 'euclidean-geometry']"
633035ed837ac920af77f379_f_1_10_0,SCAL,1,eigenvalues,1,"['geometry', 'euclidean-geometry', 'combinatorial-geometry']"
633035f0837ac920af77fff9_f_0_7_0,FUNC,X,mapping,['X'],"['geometry', 'euclidean-geometry']"
633035f0837ac920af77fff9_f_0_9_0,FUNC,Y,mapping,['Y'],"['geometry', 'euclidean-geometry']"
633035f0837ac920af77fff9_f_0_12_0,FUNC,X,mapping,['X'],"['geometry', 'euclidean-geometry']"
633035f0837ac920af77fff9_f_0_14_0,FUNC,Y,mapping,['Y'],"['geometry', 'euclidean-geometry']"
633035fd837ac920af783f6c_f_4_14_0,FUNC,h,the function,['h'],['euclidean-geometry']
633035fe837ac920af784017_f_1_12_0,SCAL,n+1,this number,"['n', '+', '1']","['linear-algebra', 'euclidean-geometry']"
633035ff837ac920af7847f9_f_0_0_0,FUNC,F(x) = -0.007x^4 + 1.971x^3 - 190.4x^2 + 8150x - 13024,a function,"['F', '(', 'x', ')', '=', '-', 'x', '^', '4', '+', 'x', '^', '3', '-', 'x', '^', '2', '+', '8', 'x', '-', '1']","['geometry', 'euclidean-geometry']"
